tweet id,"label (0:misinformation, 1: counter-misinformation, 2: irrelevant)"
1221004238169358336,0
1221231652074029057,0
1221663252658081792,0
1221922338876411905,0
1222141191053086721,0
1222395022038822912,0
1222446515119185920,0
1222661386335027201,0
1222880364084903936,0
1223439188445581316,0
1223951057434206209,0
1224047328933371906,0
1224067226728161280,0
1224077019761168384,0
1224262385088770049,0
1224505083263705089,0
1224506005356273664,0
1224669404119486465,0
1225087191413612553,0
1225199691542876162,0
1225384127655862273,0
1225641602133024774,0
1225733667445669888,0
1225797545684692992,0
1225844731038572544,0
1226627941725089792,0
1226664083988140033,0
1226789059147767809,0
1227054579231031296,0
1227323668260368393,0
1227323921504010240,0
1227512697488580608,0
1227517733920636928,0
1227542948499329024,0
1227726765188997121,0
1227970011454754822,0
1228027414296616965,0
1228271930492571649,0
1228329050449465345,0
1228412335712350210,0
1228455289264852994,0
1228509521783320576,0
1228534372137152512,0
1228756606747205634,0
1228878014231957505,0
1229176802351992834,0
1229319383622864896,0
1229782130873466880,0
1229789588023103490,0
1229838689615872002,0
1229851316970827783,0
1229864725401333761,0
1229891221591613440,0
1229946559569133568,0
1229946756021899264,0
1230065070383730694,0
1230207151882194944,0
1230542532553199616,0
1230629408052056065,0
1230630600765247489,0
1230921691020263425,0
1230935901783543808,0
1230987053267116033,0
1231001511989317632,0
1231253714779897856,0
1231469369080897536,0
1231726971719049216,0
1231727735485059072,0
1231737594570039296,0
1231788508005703682,0
1231790582902685696,0
1231790636220723200,0
1231850627510214659,0
1231897274218958848,0
1231904669804453888,0
1231920314973593600,0
1231995462481252359,0
1232059408189972487,0
1232061862604398593,0
1232271993728356359,0
1232317385006292994,0
1232331585388711937,0
1232459081463422976,0
1232517117037174788,0
1232609981293350913,0
1232682579893063680,0
1232684816031780864,0
1232717061731835904,0
1232725888418140160,0
1232743249430880256,0
1232746655906193408,0
1232765793303244805,0
1232797106483712000,0
1232890608408240129,0
1232891177357238272,0
1232953959096020992,0
1232993825729269760,0
1233027352445276160,0
1233029144507830273,0
1233057804648361985,0
1233069956511805440,0
1233070212087336961,0
1233075447623233539,0
1233078442469490688,0
1233086457209745409,0
1233089975417262080,0
1233090136306524161,0
1233090663534583808,0
1233107131315949574,0
1233113975186837505,0
1233144423946563584,0
1233146452773228545,0
1233156108946223107,0
1233188318311002112,0
1233188765373550592,0
1233249201691250689,0
1233253667848912896,0
1233288517184294914,0
1233289712942682112,0
1233291468565073921,0
1233291706868498432,0
1233335082007457794,0
1233342959753494528,0
1233357254499471360,0
1233373974903418880,0
1233409703843172352,0
1233420869168484352,0
1233492357640794112,0
1233493095595024386,0
1233497139629543424,0
1233504566186041344,0
1233505537733648384,0
1233541411267469312,0
1233592800924590080,0
1233609117568159744,0
1233612114713042944,0
1233631934535749632,0
1233639535981953025,0
1233653964354314240,0
1233671682021261314,0
1233734640306982913,0
1233787501514547201,0
1233805596383744005,0
1233870134885769216,0
1233894101055164417,0
1233960831311699969,0
1234020976993751040,0
1234033032572567559,0
1234122867551408129,0
1234123309064900608,0
1234201589952454657,0
1234228749220052993,0
1234232768088793088,0
1234243565020209153,0
1234247277348294656,0
1234255234781843456,0
1234323353533587456,0
1234330910868160512,0
1234357653956169728,0
1234404340795944965,0
1234420218589564928,0
1234463049987371009,0
1234463405848891393,0
1234524645757476866,0
1234535358492266502,0
1234556609675845632,0
1234562795070525441,0
1234606965059354625,0
1234644429287198720,0
1234648888671338496,0
1234654967161479169,0
1234655847948488705,0
1234658997585625089,0
1234675879202050050,0
1234679132375543816,0
1234695757640458240,0
1234730752723603456,0
1234749281686261760,0
1234811768876273665,0
1234815255462731777,0
1234830094637633536,0
1234850098879848450,0
1234852434822025216,0
1234884906418876416,0
1234891417995988992,0
1234909684164894722,0
1234933668487081987,0
1234952776259530752,0
1234957747097100289,0
1234965158037835776,0
1234968048848777222,0
1234986540847099905,0
1234986730962309120,0
1235015156322664455,0
1235027092984586241,0
1235029519188123648,0
1235030239257845761,0
1235030571144736770,0
1235037066314084352,0
1235038215498633217,0
1235094365803958273,0
1235095580784787456,0
1235111604846391296,0
1235150699517718529,0
1235161003459039232,0
1235186832742047744,0
1235191587841495040,0
1235194746747916289,0
1235271821039194114,0
1235311994519121922,0
1235333451357835269,0
1235358957033545728,0
1235422181552795649,0
1235424514458234880,0
1235470207285489664,0
1235526077860261888,0
1235535337671163909,0
1235541625553580034,0
1235630805088473088,0
1235659026958110725,0
1235660598932680704,0
1235664413517963266,0
1235676332018855937,0
1235689772628299777,0
1235717000707506177,0
1235729498898743296,0
1235739336978714625,0
1235764687519834112,0
1235791371375644673,0
1235833514882289664,0
1235877362404909056,0
1235935872379469824,0
1235948603438444546,0
1235955121298735107,0
1235977332520898562,0
1235994604106919937,0
1236007209252917250,0
1236050167759020032,0
1236060009580158977,0
1236089047493173248,0
1236170987621634048,0
1236200816920457217,0
1236205338476584960,0
1236250701128503303,0
1236302023550697472,0
1236309589127299072,0
1236377347508645889,0
1236397056027131906,0
1236477594196938752,0
1236479838367682560,0
1236481493188456448,0
1236504917168156672,0
1236517379426975745,0
1236537987967549441,0
1236675150885482496,0
1236691396985270279,0
1236823465069551617,0
1237291318059192320,0
1237701974151266304,0
1238179209266081792,0
1238222027657486337,0
1238273148614660098,0
1238458299500150784,0
1239213252803989504,0
1239267695494942721,0
1239367669045960704,0
1239454828402745344,0
1239604687285829635,0
1239604890005053442,0
1239605760591646727,0
1239609091015704578,0
1239641331611381761,0
1239651410511364098,0
1239654025357938695,0
1239703461920493574,0
1239714365017706496,0
1239935693041864704,0
1239954522442612736,0
1240261001636917249,0
1240378958992084994,0
1240405987934289927,0
1240430781618458624,0
1240694324192403456,0
1241212978562772993,0
1241369183251828736,0
1241805637815689216,0
1241822979958493190,0
1242796715067006976,0
1242835121784397825,0
1242925666435305474,0
1242973709314527232,0
1243537623655878664,0
1244240835132231681,0
1244269941320114176,0
1244797848450981891,0
1245090531966955525,0
1245230759524220928,0
1245364977067843585,0
1245397645318934532,0
1245412956931686400,0
1245502276224946177,0
1245519081207300104,0
1245785058448990209,0
1245817906254020610,0
1246065050412072960,0
1246116645338320896,0
1246191379618938881,0
1246523955801882628,0
1246815539873419266,0
1247700566320570374,0
1247904714663981065,0
1247937063409811463,0
1247940547341402112,0
1248185004527620096,0
1248739286826057732,0
1248767872798732290,0
1248781425295360000,0
1248920118366740480,0
1249005797415088135,0
1249106625702608896,0
1249261089776377862,0
1249389486447792128,0
1249389641909796865,0
1249417250899140615,0
1249424305592524800,0
1249681732976160769,0
1249954772645363712,0
1250030135971110913,0
1250108821441142784,0
1250250274842664968,0
1250417226911367168,0
1250505958750650370,0
1250796663985274881,0
1250892391122440194,0
1251238150950678529,0
1251327090307334146,0
1251347799779815424,0
1251400917527781376,0
1251410295618015233,0
1251571412613033985,0
1251671804344664065,0
1251688030097805317,0
1251768977224863745,0
1251820675679092736,0
1251903329719980033,0
1251995113276014593,0
1252287772519522305,0
1252457759796314112,0
1252465698632171521,0
1252617458025926657,0
1252647063453667328,0
1252819873840783360,0
1252845854097985536,0
1252994581781786628,0
1253405521480220672,0
1253744704950349826,0
1253777833077473285,0
1253844133346709505,0
1253844496514723845,0
1253847363044683777,0
1254087616435310599,0
1254171492629299202,0
1254181859858305026,0
1254222660826992640,0
1254326592152711168,0
1254388944395022338,0
1254455799075790848,0
1254728950254837760,0
1255233232368472064,0
1255272029437210625,0
1256165383809056768,0
1257138245261033475,0
1257657576256307205,0
1257786224401698818,0
1257803806416437250,0
1258073717512572929,0
1258132691008053248,0
1258309690594701313,0
1258449283256389632,0
1258575077551017986,0
1258741410116796418,0
1258911150701412358,0
1259623219121831938,0
1259653727323127808,0
1259751585778982922,0
1259757886588190720,0
1259860183104262144,0
1260269418740883457,0
1260452243221995523,0
1260619017615704064,0
1260635444389314561,0
1260722523420975112,0
1260726666696876032,0
1260867035694796800,0
1260869960538226688,0
1260962214992924672,0
1261118022162546694,0
1261802626783608833,0
1262304999155130369,0
1262728030465732609,0
1263074120046182400,0
1263264008913616896,0
1263515334692220928,0
1263548858539245569,0
1263556977923366917,0
1263559985109360641,0
1219521359568498688,0
1219995830184304641,0
1220649948745814016,0
1221225181529673729,0
1221315870758264833,0
1222128651833004034,0
1222388688530956289,0
1222404901860466688,0
1222538319873085441,0
1223431836514357248,0
1224129051763400704,0
1224379405000003584,0
1225936087496962055,0
1226068894265364480,0
1226159870333915136,0
1226350711623081984,0
1226382652997062663,0
1226437384834887680,0
1226491583220133890,0
1226932736784568321,0
1227294592128581638,0
1227422690086027264,0
1227424373675565057,0
1227733028568469504,0
1227802453208424449,0
1227938076346986497,0
1228031943910023168,0
1228060324202450949,0
1228226411539787776,0
1228329063208673282,0
1228364302890876928,0
1228614479832866818,0
1229086842445688832,0
1229088663335768064,0
1229116304856158209,0
1229201177595826179,0
1229402007531917312,0
1229640825317011461,0
1229839444573732864,0
1230498171228389376,0
1230508393636515841,0
1230628349384458242,0
1230703386158231553,0
1230766654709092352,0
1231538561004056578,0
1231979613976395779,0
1232217457663733761,0
1232310828075864064,0
1232421092125552642,0
1232493983500161026,0
1232512195914657797,0
1232803314368204802,0
1232813731744231428,0
1233067852623687680,0
1233166350673010688,0
1233178039741222912,0
1233214834692345856,0
1233227028666691584,0
1233232629870350336,0
1233283851927027712,0
1233413202274324480,0
1233489090752008192,0
1233573575539535872,0
1233586430917537792,0
1233596444201738240,0
1233612642742259714,0
1233626165568368640,0
1233637386027851776,0
1233645401707864064,0
1233685701713108992,0
1233730279212232707,0
1233784559797493760,0
1233841630446178304,0
1233845286847623171,0
1233851770557882370,0
1233871393588039680,0
1234092310276820992,0
1234115650995527682,0
1234134401350373376,0
1234168674711289857,0
1234210648222863362,0
1234213144941101057,0
1234240714793529346,0
1234703508118626306,0
1234770689154068480,0
1234809150904963072,0
1234863474213298180,0
1234953114492588034,0
1234991163607666689,0
1234992436213977089,0
1235014845164064770,0
1235147309857595399,0
1235198125876195328,0
1235238792178610176,0
1235255431095873539,0
1235294199571976192,0
1235350602160324608,0
1235529067442524163,0
1235626508321873925,0
1235814912317775872,0
1236040421647630337,0
1236090850628812800,0
1236179410061049856,0
1236230562043445250,0
1236252766676250624,0
1236467843178397696,0
1236587415533268992,0
1236594230627205120,0
1236616715510910976,0
1236675783059320833,0
1236799831248531456,0
1236852101197725696,0
1236892119177908224,0
1236892213587496960,0
1236898550891438080,0
1237470772060401666,0
1237559413981863936,0
1237665877102755840,0
1237929215732772864,0
1237930511487528960,0
1238247726363656197,0
1238261144420265985,0
1238289251088896001,0
1238520516799008769,0
1238677141333651458,0
1238771655373135872,0
1238809816564367360,0
1238992805059391488,0
1238998371240742914,0
1239165723739656192,0
1239449791014338560,0
1239580327301074947,0
1239740933639290880,0
1240525734625423360,0
1240603773845766144,0
1240609592842817536,0
1240637714447376386,0
1240886342667702275,0
1241123180078665730,0
1241293023952150528,0
1241646092091097089,0
1242131950732808192,0
1242158842936516609,0
1242185405409251328,0
1242716449975738368,0
1243046179027349504,0
1243449462992896002,0
1243941584032407553,0
1244334408238116870,0
1244449279604707328,0
1244518950895001601,0
1244546955486912513,0
1244761166116556800,0
1245043910872829952,0
1245263002099646471,0
1245305694359863297,0
1245400992218263554,0
1245456609687601152,0
1245582001823858689,0
1245588310300315648,0
1245745097494364167,0
1245847270655954945,0
1245899341870452737,0
1246073932504911872,0
1246122697404407812,0
1246142692217815041,0
1246679236724887552,0
1247275020298133505,0
1247985998090264577,0
1248015771738845184,0
1248485991704178688,0
1248686208785559553,0
1248689746647191552,0
1248995359935942658,0
1249010955016704001,0
1249180194625204224,0
1249311195863101440,0
1249328014514585600,0
1249469798909530112,0
1249716357253533696,0
1250079553378287618,0
1250367696044261376,0
1250644916608176128,0
1250923272591609856,0
1250931132717293569,0
1251048920156954624,0
1251383352306868225,0
1252002323645239296,0
1252480404856147973,0
1252486084409294848,0
1252486920426356736,0
1252489055532703745,0
1252511388087574529,0
1252522484299173888,0
1253349131675893761,0
1253621414424465408,0
1253783465990017024,0
1254203184517492736,0
1254214723022868483,0
1254568062898053121,0
1254594558819741697,0
1255315742351929344,0
1255503850104147968,0
1255554513282363392,0
1257741956924551169,0
1259519770266828800,0
1260304058868523014,0
1261224761079840768,0
1261673227358744576,0
1262630619688824834,0
1263005706174652417,0
1263561126920556550,0
1222592344035295233,0
1223024923553214470,0
1224867866232721409,0
1225061067568689153,0
1227020001464520705,0
1227261534524575750,0
1227491181187096576,0
1227579415284113408,0
1228320315702464512,0
1229386576884621313,0
1230234721499721730,0
1230375154573889542,0
1230635375225397248,0
1231846905388290048,0
1231997311724728323,0
1231997860020965377,0
1232084942504394753,0
1232125474345648128,0
1232298340072685568,0
1232352763914354692,0
1232456999545081856,0
1232574835244576768,0
1232579933442134016,0
1232728652481167363,0
1232913693748260864,0
1232954121541414913,0
1232956647514918912,0
1232971683918700545,0
1232989832659394561,0
1233119569159446529,0
1233169836563406849,0
1233239833943797762,0
1233257490264940545,0
1233388814544121856,0
1233417338499805184,0
1233425822725410816,0
1233451376425996289,0
1233451710133211138,0
1233512499825324032,0
1233652672366071809,0
1233708074680115201,0
1233829527819882498,0
1233890921923481600,0
1234707833456861185,0
1234752173755510793,0
1234787267849355266,0
1235995044542283777,0
1236850194358173697,0
1238015468721537024,0
1239538848490799106,0
1239541203189878784,0
1240058208489742337,0
1240267908229586949,0
1242166221883215878,0
1242983535394328576,0
1243623383679545346,0
1244590852078473216,0
1244637247405727744,0
1244665366019739649,0
1245138241201659909,0
1245700506607124482,0
1245750912750104576,0
1246163817370959872,0
1246969502107041792,0
1248767201538179073,0
1248883276548169729,0
1249543466641580035,0
1250383271805976578,0
1250867365308440577,0
1250966442201108480,0
1251279707938656256,0
1252349121194676226,0
1254175249786118144,0
1255128149144285185,0
1255187448579133447,0
1255465007317385216,0
1255566545012625417,0
1256052829979963393,0
1256880704274784256,0
1257790397092421634,0
1260536616591949826,0
1262804755887411202,0
1263344176168611840,0
1224958008129548288,0
1226349323408920576,0
1227163942075740162,0
1227274723521855488,0
1230233228989976576,0
1230424610794901504,0
1230495219906273280,0
1230591247523254272,0
1231113471649099776,0
1232119408031649792,0
1232196843674775552,0
1232447965203054592,0
1233188018351149056,0
1233544392012525568,0
1233692795312885761,0
1233768888422162433,0
1234129772961288194,0
1234452998258122752,0
1234658098654040066,0
1234997277581697024,0
1235180801559605249,0
1235631767551234049,0
1235684572647604229,0
1236210509814382592,0
1236694242271076352,0
1236984916891631616,0
1237151935620427777,0
1239468499539353600,0
1240351137942761473,0
1240358602121986048,0
1242721713462431745,0
1243094749021642752,0
1243941571017375745,0
1244556315663441920,0
1244750250725625857,0
1245418512593686529,0
1245523660116459528,0
1245634040822022145,0
1245712461828890624,0
1248192939731365888,0
1248766581942800389,0
1250345531655614467,0
1252315766415900675,0
1252390494144876546,0
1253495081035800576,0
1253627551886516225,0
1254146283159408644,0
1255468555073720323,0
1256320740917305344,0
1256572853199278081,0
1258397978173333504,0
1259029014813048832,0
1259316368660365315,0
1221776094552121344,0
1223788961203548160,0
1225050634854043649,0
1225055751196106752,0
1226261498441478144,0
1228914078938091520,0
1229437942927626242,0
1231036659409575938,0
1232080045625298945,0
1232259827277148160,0
1232426300809392129,0
1232724636766539776,0
1233040045474537473,0
1233089972711886848,0
1233165438915416069,0
1233170655022993408,0
1233181390956417024,0
1233273984579514369,0
1233389054122696710,0
1233459354633936899,0
1233472281763954688,0
1233870902481293312,0
1258185162766106624,0
1259368076228747264,0
1226039655063113728,0
1228432269322244098,0
1230025219957559296,0
1230221966021472257,0
1230890514330705921,0
1234241960124260364,0
1234349921106481152,0
1234646152819154945,0
1234748973086171137,0
1234791352480796679,0
1236675447867478017,0
1240771983723376645,0
1244305907804143618,0
1246305246810271744,0
1247074174872494080,0
1247205787564302346,0
1221104243215687680,0
1226565856894779392,0
1232143101780791296,0
1232752638774538240,0
1233121258075590656,0
1232736183177793537,0
1222469386637844480,1
1222501743478616064,1
1223362161185042434,1
1224039031467438081,1
1225001998459850754,1
1225101522880561153,1
1226750080830464001,1
1227278501683900416,1
1227360134319357955,1
1227383549545738241,1
1228067718433165312,1
1228768547276541952,1
1229216535882977280,1
1229514512367280128,1
1229739167837556736,1
1229953348981248000,1
1230056446697623555,1
1230192699501875201,1
1230452164935507970,1
1230831042019418112,1
1231762636632662017,1
1231950068783161344,1
1232319148425789441,1
1232658612499230721,1
1232722797786521600,1
1232752626921607168,1
1232860227873234944,1
1233084564584558592,1
1233166696678088704,1
1233209505380368384,1
1233223173778264064,1
1233225804957413377,1
1233256673189429248,1
1233501457514684416,1
1233663310391848960,1
1233695757976449024,1
1233733576404951041,1
1233781738964443142,1
1234467973382987776,1
1234491241280069635,1
1234538198023495683,1
1234674355214307329,1
1234753417869807616,1
1234783654712311808,1
1234922842497716225,1
1234968375589101568,1
1234971091820371970,1
1235201531827417088,1
1235336180868280320,1
1235543222438506498,1
1235623987427684353,1
1235668466239025153,1
1235683839743340545,1
1235733353929695233,1
1235772667816443907,1
1235855571472879617,1
1235942334031855616,1
1236054209813835776,1
1236250417920696320,1
1236295797169246209,1
1236306213811429376,1
1238393417882796032,1
1239438231801921536,1
1239591448363905025,1
1239664182972297218,1
1239747085496471552,1
1242272924653850626,1
1243559311571329027,1
1243666666204155921,1
1244826254219661312,1
1245035058404171776,1
1245110516235800589,1
1245417227689627648,1
1245516577249923077,1
1245564826778243073,1
1245619203404492803,1
1245628938128224256,1
1245754747547791361,1
1245775115104780289,1
1245810833751449600,1
1246114301427023874,1
1246143050927067136,1
1246190954953883649,1
1246197678880493573,1
1246201600026333193,1
1246413876251459584,1
1246445788475076609,1
1246481602848448514,1
1246507294503907331,1
1246570316333232128,1
1246876039483138048,1
1247164681610874880,1
1247269798020513797,1
1247721801032978433,1
1247854225306025987,1
1247881009741340673,1
1247889837425700866,1
1248191463365783552,1
1248203927461470208,1
1248774000290996224,1
1248775048959270912,1
1248943611577651201,1
1248989450014732290,1
1249008748615655426,1
1249018686104625153,1
1249088692284796937,1
1249094366364344322,1
1249094716798513152,1
1249315763086929920,1
1249339944134414336,1
1249633969299165185,1
1249746123683696640,1
1249747186914430976,1
1250055745653166090,1
1250245960451723266,1
1250279432943579136,1
1250299556895412224,1
1250334799664824320,1
1250462413130010625,1
1250708343326478337,1
1250722678681583616,1
1250825837982748674,1
1250827930118295553,1
1250829599472332800,1
1250832492497698821,1
1250835462232649730,1
1250839682268622855,1
1250846294748401670,1
1250960594003509248,1
1251040421444190208,1
1251300756877045760,1
1251667350060818433,1
1251694998116020226,1
1251790873831989248,1
1251881463143792640,1
1252276564227743750,1
1252294158464802818,1
1252331216730230784,1
1252353017422049281,1
1252367797973180420,1
1252532013955002369,1
1252654963341365250,1
1253299449578864640,1
1253702145112563712,1
1253712835936428032,1
1254039377900187649,1
1254128388119412737,1
1254311854932779015,1
1254374126975926273,1
1254895207713312771,1
1255059715941425154,1
1255154385342119936,1
1255167389802459137,1
1255189470048948225,1
1255200606383476737,1
1255223976273612801,1
1255480602129727490,1
1255933947260911616,1
1255997818776494080,1
1256011200082489347,1
1256247702930821121,1
1256342641140289537,1
1256633720376827905,1
1257511395219947520,1
1257653515008106496,1
1259099383716511744,1
1259157080486838273,1
1259413064186650625,1
1259510686800961542,1
1260614414417395713,1
1261723397530292224,1
1261805073975386113,1
1262150009765666818,1
1262264374384668674,1
1262388144189644803,1
1262605302341472256,1
1263605695624237059,1
1222082743984504832,1
1222146984175394818,1
1223395909406351360,1
1223635074144522240,1
1223811060399951872,1
1223899964947873792,1
1223964013400403968,1
1224451080269877248,1
1224464567243280384,1
1224883040653987840,1
1225907188583092225,1
1227614079042211841,1
1228085630753636352,1
1228397176105119744,1
1228595854161768448,1
1230458239663382528,1
1230562893193629700,1
1230691988216745984,1
1230940362157576194,1
1231614989284397060,1
1231920418677837824,1
1232326472100122624,1
1232383635074027522,1
1232424080755830790,1
1232705663001907200,1
1232711365351084032,1
1232791602461986816,1
1232849354366414848,1
1232951755325034498,1
1232956006293897216,1
1232957055033430016,1
1232958225714036736,1
1232998681063940101,1
1233089145091874817,1
1233098252800552960,1
1233201067732688896,1
1233331372472836097,1
1233377533053276160,1
1233379811122450433,1
1233388579658878983,1
1233391443718230016,1
1233462836661248002,1
1233482037358710785,1
1233487435205619712,1
1233516325261148168,1
1233533879853645826,1
1233591005523263489,1
1233591962508328961,1
1233727946688540672,1
1233814943209648128,1
1233851191362301959,1
1233857757800996867,1
1234018268249284608,1
1234207652974120960,1
1234820477299892224,1
1236968650743009281,1
1237325406107295744,1
1237851794727817218,1
1239493482789646337,1
1239852189448896513,1
1239898090712244224,1
1241489543267864581,1
1242154643313930240,1
1242461597014077441,1
1242639563475922946,1
1243131179437453313,1
1243731953649512449,1
1244210665235132422,1
1244525181223284736,1
1244542379228446721,1
1244555301656854529,1
1244916723477872645,1
1245083072481169411,1
1245109932929794049,1
1245416023689289729,1
1245436063008477185,1
1245511149254254592,1
1245554170083581952,1
1245597994579181569,1
1245625055184207878,1
1245662528111337473,1
1245678204729413632,1
1245685704568573953,1
1245719774899982342,1
1245735835032522753,1
1245736875358326784,1
1245739056048340993,1
1245757895721062401,1
1245757905032355840,1
1245763079801053185,1
1245769217867218946,1
1245770843910598658,1
1245778743802630144,1
1245781717807480833,1
1245803507678142466,1
1245812086174859265,1
1245864800355139584,1
1246114822984368128,1
1246138300592783361,1
1246337713747439616,1
1246461264609579011,1
1246468740096688133,1
1246550107895595008,1
1246558685108695040,1
1246636086937423873,1
1246645985528262656,1
1246714840204349440,1
1246730071525777408,1
1246733331720368129,1
1246745022835257344,1
1246799756178800640,1
1246818100043022336,1
1246842241743716358,1
1246854230314487815,1
1246980289726828544,1
1247074917545316353,1
1247079681318432769,1
1247096765393842177,1
1247144544400965632,1
1247160727011495936,1
1247167867864276998,1
1247175511744213003,1
1247223812082581506,1
1247678688365293568,1
1247817255146205187,1
1247837460698103808,1
1247924747733737477,1
1248170718413586432,1
1248183687189012481,1
1248216318593114114,1
1248247004594974723,1
1248287183380918277,1
1248526902383403008,1
1248630243990081536,1
1248726171459739651,1
1248775717740892160,1
1248777787034370048,1
1248777945134641152,1
1248783364779368448,1
1248872509396705280,1
1248873322928050178,1
1248873474258546688,1
1248902457243074560,1
1248902490524876803,1
1248909275210153984,1
1248923263364972545,1
1248939968623411200,1
1248956240316657666,1
1248969023313887232,1
1248982575210811398,1
1248993506548301825,1
1249004542102044676,1
1249008992560369664,1
1249042850764992512,1
1249056882590965761,1
1249061190011150336,1
1249079963078230020,1
1249088339271200769,1
1249200590976057345,1
1249221150246404096,1
1249231629731729410,1
1249240843640340482,1
1249250035184758785,1
1249283620272869376,1
1249311549778530304,1
1249368100572717056,1
1249387467922268161,1
1249552097961336835,1
1249594691869454336,1
1249596439174557696,1
1249658579046539265,1
1249702491022929920,1
1249742150662750208,1
1249752201960083457,1
1250011990874918912,1
1250060444607414280,1
1250068860398600194,1
1250077866315956224,1
1250332986597228547,1
1250334148339699714,1
1250384912663920641,1
1250394690559643648,1
1250402067182759937,1
1250413319934140417,1
1250441285472636932,1
1250448178626711552,1
1250513943954685952,1
1250552780793643008,1
1250556125025406978,1
1250673854646755329,1
1250721628138463235,1
1250768958275362818,1
1250773169192853504,1
1250790063715364864,1
1250790652385910785,1
1250801611808608256,1
1250866558219571200,1
1250920305587093506,1
1250922921976946688,1
1250979932945223680,1
1250985712486354944,1
1251002179076403201,1
1251003136636002305,1
1251017229405229056,1
1251049754668253184,1
1251110007338422272,1
1251125062834556930,1
1251131091559342080,1
1251143455725805568,1
1251155634256400392,1
1251186133624643585,1
1251220414950338560,1
1251237758590427138,1
1251267390513524739,1
1251299492432928768,1
1251480852867035136,1
1251481775659986944,1
1251578568250925056,1
1251663062488268800,1
1251734777641816066,1
1251896346073657346,1
1251911860724654082,1
1251923491818999810,1
1252056203687059462,1
1252154837892059138,1
1252161182791880704,1
1252185414502318082,1
1252214483172257792,1
1252234443420340225,1
1252247994059063297,1
1252250801126256641,1
1252310844286763008,1
1252378536544886785,1
1252488239614754816,1
1252512132912070657,1
1252518932805644295,1
1252519600585084928,1
1252519670126698496,1
1252520306121596929,1
1252520768547815425,1
1252521791752298496,1
1252522713085808640,1
1252566442093887488,1
1252582647253041152,1
1252583206823571458,1
1252605305365704704,1
1252606874379304964,1
1252610808082825216,1
1252647100137029632,1
1252671245696499714,1
1252699883594821639,1
1252848010549063680,1
1252898299394158592,1
1252958143765676033,1
1253032261877817344,1
1253300852032442378,1
1253337379135340549,1
1253353200490622976,1
1253656019009495043,1
1253687428960915457,1
1253692677071294464,1
1253704853760720897,1
1253707043606798337,1
1253708236219432961,1
1254266497469485056,1
1254312697912582144,1
1254338178963521543,1
1254342872293351424,1
1254393836861882368,1
1254417140528136192,1
1254513086129532928,1
1254582082678009857,1
1254636778012606464,1
1254655296980557824,1
1254793543190827009,1
1254923312330731523,1
1254933704633470976,1
1254952059230699521,1
1254959526895251458,1
1254985534503555075,1
1255002413661949953,1
1255016928189362177,1
1255032824496893952,1
1255033562098778113,1
1255042678116540416,1
1255049684932014080,1
1255049928801476608,1
1255068851563368450,1
1255087716670283777,1
1255094517436465152,1
1255138361431306242,1
1255140433191030784,1
1255145867553603584,1
1255146409780633601,1
1255149776636502019,1
1255159722778308608,1
1255160949415260160,1
1255172240900939776,1
1255177030871781377,1
1255193138907545602,1
1255193208859942913,1
1255194418065354753,1
1255197962998820871,1
1255212743768014853,1
1255225274511192065,1
1255228074658013190,1
1255237104247898114,1
1255244108651790337,1
1255259717166907392,1
1255269323628851201,1
1255273350471061504,1
1255342692311207944,1
1255396915786678272,1
1255430749261627392,1
1255527662006734852,1
1255756898269265922,1
1255977836118028288,1
1256209205389938689,1
1256223887328673792,1
1256267802534690821,1
1256711035488284672,1
1256903726025125888,1
1257067501046751232,1
1257095800435412995,1
1257237438117920768,1
1257305239301976065,1
1257714427463372801,1
1258017445320757250,1
1258111295469076480,1
1258161767496077312,1
1258190165857767424,1
1258332443066728448,1
1258342210703183872,1
1258349667953324033,1
1258412923065532416,1
1258413262951063552,1
1258442991783555073,1
1258443616546144258,1
1258453671731507206,1
1258468160941903873,1
1258516874062516224,1
1258542296984768514,1
1258659739204030470,1
1258733720951042050,1
1258803444086865921,1
1258834482695753733,1
1259246827636961280,1
1259403687140773893,1
1259441055469940737,1
1259462389331886080,1
1259532768872140801,1
1259620842113077253,1
1259776569997918214,1
1259847601773576211,1
1259934553034153984,1
1259965744348946432,1
1260238862200102913,1
1260342486536462336,1
1260681297413894145,1
1260819985909395456,1
1260841700316020736,1
1260984846308032516,1
1261643450065154049,1
1261663994215116802,1
1261671005673730053,1
1261757827980427265,1
1261800535557984256,1
1262069901663055880,1
1262134738879418368,1
1262399544618127360,1
1262546755889115143,1
1262650816160083968,1
1262695632180965376,1
1262775018670309379,1
1262898958407331840,1
1263090825916973057,1
1263248472687259649,1
1263511098394923013,1
1221805981933412354,1
1222411150744121344,1
1223441316316618752,1
1225337438077243394,1
1231720158496002048,1
1232183843907567617,1
1233005246202253312,1
1233437293345533953,1
1233835649863737346,1
1238151216326115328,1
1239526044010459136,1
1240047652613439488,1
1242553902219710465,1
1242673374595350528,1
1244228890974879744,1
1245021686786936832,1
1245031231198199810,1
1245119940912467971,1
1245276277348728833,1
1245498480765865984,1
1245587476829241347,1
1245683358547480578,1
1245761462204878850,1
1246111374201229313,1
1246118809364299777,1
1246149792704557056,1
1247832775996116992,1
1247925770409910273,1
1248033685053546497,1
1248034277461299202,1
1248224562652815360,1
1248262383132454913,1
1249255947115081728,1
1250445588413513728,1
1250667511470649345,1
1251794541851664384,1
1251916851405299714,1
1252140025153753088,1
1252671015433506822,1
1253849973952860166,1
1254013851181424641,1
1256895187789533184,1
1221947054810943488,1
1224343044369125376,1
1229515465170595840,1
1230518028602761217,1
1230534868158775297,1
1230965500454170625,1
1232131341690507265,1
1232264204050223106,1
1232530753117966337,1
1232610741028560901,1
1232680985529061376,1
1232708975025623139,1
1232967768032600069,1
1233004508181127168,1
1233175400643039233,1
1233298447396110337,1
1233403034664939522,1
1233408759201964038,1
1233443771896885248,1
1233473918477963265,1
1233526318752550912,1
1233671077114470400,1
1233789694028152834,1
1233927757731713025,1
1234481933096275968,1
1234750237077434368,1
1234809999517417472,1
1235481446237605889,1
1237869579738603521,1
1238244430664130562,1
1240312988214726659,1
1242722768795439104,1
1243314614017896451,1
1243473172596322304,1
1243938253948047360,1
1244974370814070786,1
1245375343780925441,1
1245503379436158976,1
1245531458225213441,1
1245688899709566978,1
1245689368775442433,1
1245720558525747200,1
1245786343742926848,1
1245798790298304512,1
1246160717998325764,1
1246198935049383937,1
1246769018758991873,1
1247058905114578946,1
1247271031535853568,1
1248121172111306752,1
1248133408263491584,1
1248291985510879234,1
1248378907402719237,1
1248439571345321984,1
1248869404990935040,1
1248922053635383297,1
1248943359848091648,1
1249024217884090368,1
1249032232062390273,1
1249055760660692995,1
1249120921811660801,1
1249152214574268418,1
1249173314926510085,1
1249261815533461504,1
1249364334481981440,1
1249404084391731202,1
1249441498464215046,1
1249442437774430208,1
1250008012338737157,1
1250339866803466243,1
1250400985756971009,1
1250401777851289602,1
1250510879701024768,1
1250650147987558406,1
1250682405855395840,1
1250721777413689345,1
1250933513227993089,1
1250934148333809664,1
1251098348620255235,1
1251331003278176256,1
1251624916727640066,1
1251778327578279937,1
1251815855559761928,1
1251885007787917313,1
1251994758106411010,1
1252006221806284809,1
1252214884949012482,1
1253331661611077632,1
1253396996284657668,1
1253410243674955778,1
1253671023217504257,1
1253719809897922560,1
1253804158102183938,1
1253836915968602112,1
1254072988565192713,1
1254180629102518273,1
1254320212217786369,1
1254339959156342784,1
1254557746558459905,1
1254641753883316225,1
1254729040671408133,1
1254931129402081285,1
1254947352433119232,1
1254978429520424961,1
1255017250857390085,1
1255022711044296704,1
1255033315742093312,1
1255033319529558016,1
1255034276451663874,1
1255040274637762560,1
1255087069828915201,1
1255094358799417349,1
1255100617883672576,1
1255107879134212097,1
1255132216230727681,1
1255191379447123968,1
1255196316424077313,1
1255241001880469509,1
1255247978698244106,1
1255262533973409793,1
1255546974029348865,1
1256332556393275392,1
1256773875993624582,1
1256884322767962113,1
1257008095248683009,1
1257323656679616514,1
1257605784533372929,1
1257947341543354370,1
1257966561320677377,1
1257996698581970944,1
1258173034361479169,1
1258436283136741377,1
1258454820257742850,1
1259407911861784577,1
1260950431951466497,1
1261032560437669903,1
1261200316604637184,1
1261737851202555905,1
1261755101468819459,1
1262476189538463744,1
1262741271212208128,1
1263511725984354305,1
1263553209001525253,1
1224402625472483328,1
1224747292055392256,1
1227274566017396736,1
1231765730816753664,1
1232059333040472064,1
1232542919455698944,1
1247676639451832320,1
1250169239681589251,1
1251655111320850433,1
1251761921063129088,1
1252022419738386433,1
1255120211214086146,1
1255180114737819648,1
1255268101039558657,1
1255276700864307202,1
1257877509246517248,1
1258144253273878528,1
1229885994029088768,1
1230184361640640513,1
1232073726650306561,1
1232296154882285569,1
1232930364898697216,1
1233044053647863813,1
1233144014762913797,1
1233354822335598592,1
1233450196291461121,1
1233489658044145671,1
1233612861739585536,1
1233773460175958016,1
1235557852716175360,1
1239533927947214849,1
1239687750007304194,1
1242058566120484866,1
1245312222500397059,1
1245549669184348161,1
1245647106276089857,1
1245710620470771712,1
1245802187101519873,1
1245860281793708032,1
1246379080439619584,1
1247009627725651968,1
1247189594296193030,1
1247202091128573954,1
1249138251073454080,1
1250019706662277122,1
1250430362934636554,1
1250455789250240516,1
1251051835592511488,1
1252541218304778240,1
1253817739850010625,1
1253847859033550848,1
1254939222659739648,1
1255095554406744065,1
1255176083017740289,1
1262859465725902848,1
1263464634046177280,1
1231121125570007040,1
1232492530903601152,1
1233365126876626944,1
1233442776790032389,1
1222131365870739456,2
1222246843871981569,2
1222252264171220993,2
1222873375909076993,2
1223962930233761792,2
1224001889374744576,2
1224595066704089088,2
1224712191540113408,2
1224771576006135809,2
1227249829010522113,2
1227667793224531968,2
1227709123409711105,2
1227739633229778944,2
1227811564754857984,2
1229124042835341312,2
1229327807395684352,2
1229379604009250817,2
1229539776375611393,2
1229684567289757696,2
1229694766218203136,2
1230069287974572033,2
1230082390883741698,2
1230594237248360449,2
1230594913336729601,2
1230599469751775232,2
1230909030354341890,2
1231853815147769856,2
1232038675933851653,2
1232283395574697987,2
1232319797704003587,2
1232332586833383426,2
1232420939717136390,2
1232857684287688704,2
1233008972027678720,2
1233064273552826369,2
1233148300162846722,2
1233447049091264512,2
1233682235770929152,2
1234206222917627904,2
1234221571788754946,2
1234312096839426048,2
1234659976318029829,2
1235213001076224001,2
1235225746399825922,2
1235565651197956098,2
1235985864234135553,2
1236012932250636290,2
1236054776179306499,2
1236060695461945345,2
1236310533172858880,2
1236311083352231937,2
1236344905624170496,2
1236375438710255620,2
1236597112382595072,2
1236678951667486720,2
1236943054772133888,2
1238123537531129856,2
1238428119834517505,2
1239485513410674690,2
1239977250080149504,2
1240796328898125824,2
1240809165712285697,2
1240828557200244736,2
1240837454531309568,2
1241076120944087040,2
1242611006314086417,2
1242611008776081411,2
1242611806952017921,2
1242616198132461568,2
1242842686761172992,2
1243039979254632449,2
1245208245913837568,2
1245652327240888330,2
1246162054706331651,2
1247015225167089665,2
1249075843831341056,2
1250365341705932802,2
1251163413905960964,2
1251630184488460291,2
1252107493112606721,2
1252311458186178560,2
1252552756205944837,2
1252556889629614081,2
1252568060747296778,2
1253755592495312901,2
1254836459091050498,2
1254972747404447745,2
1255417785066422274,2
1256709803050762240,2
1257473462542753793,2
1260043268164775936,2
1261263654504325122,2
1261325112000671746,2
1219691455201128448,2
1219783856988934144,2
1221143064670089221,2
1221735571061714946,2
1221907232175951872,2
1222062128594661376,2
1222069368739287041,2
1222329650853974017,2
1222472193424154624,2
1222473079311470592,2
1222542610939752456,2
1222775217426255873,2
1222841531553501185,2
1222943120087830536,2
1224490159971815425,2
1224650104176553986,2
1224652079186137089,2
1224656022259884034,2
1224658342590676995,2
1224664194605293569,2
1224685256927862789,2
1224725215692951553,2
1224728938133565444,2
1224771164423237637,2
1224833590644658183,2
1224914630142648321,2
1225042657275252737,2
1225067196856094720,2
1225071086544572417,2
1225445999059099648,2
1226379578706317312,2
1226834008270610432,2
1226875467011121153,2
1227152561620299776,2
1227553393729851392,2
1227568773877633024,2
1227574090237501441,2
1227580865074515969,2
1227601477918699524,2
1227633390524026880,2
1227639770014109697,2
1227648336292761600,2
1227668562271260674,2
1227725739690082305,2
1227738402721632256,2
1227917849332789252,2
1227955837395767296,2
1227955973895049217,2
1227982920314507264,2
1227999130049503232,2
1228008736402345985,2
1228060192442634246,2
1228078238628364289,2
1228101555552952325,2
1228153630248689666,2
1228197449514176512,2
1228222609654861824,2
1228230767349682177,2
1228313711170899970,2
1228513583845302273,2
1228547748397490177,2
1228566614930411520,2
1228674446363447299,2
1229402829175115776,2
1229631745097707520,2
1229748121451876352,2
1230278273352916992,2
1230290103123107841,2
1230542349736062978,2
1230551367820775425,2
1230552326005567489,2
1230557247719084032,2
1230563590203006984,2
1230587811461500928,2
1230601776778399746,2
1230676009587920896,2
1230733937984466944,2
1230788160990392321,2
1230819304578396160,2
1230819692475867137,2
1230824679344136192,2
1230828648426504192,2
1230846759590645761,2
1230948150678097925,2
1230997392830287872,2
1231038403845730305,2
1231202218491207680,2
1231528109322665985,2
1231650230438854657,2
1231676836335292417,2
1231854609267937280,2
1231942757985312769,2
1231943230205222913,2
1231949656579592193,2
1232008344031956992,2
1232011019737632769,2
1232033722100219906,2
1232296517857349633,2
1232343529332056064,2
1232377616201658373,2
1232395009615421440,2
1232413783664009217,2
1232562458272976897,2
1232682446170267648,2
1232697534893690880,2
1233118740490915840,2
1233126584426598406,2
1233210229057294336,2
1233327800033013762,2
1233616672851783681,2
1233648038670815232,2
1233840464056504320,2
1234170731405160449,2
1234288335150993408,2
1234511556102283264,2
1234741984998367232,2
1234765289578991616,2
1234826193599418368,2
1234865636901130242,2
1234872581641113600,2
1235182367620423681,2
1235288637673218051,2
1235671444056682496,2
1235946320248156161,2
1235952914004193280,2
1236015709295124482,2
1236015714323951616,2
1236017482466553857,2
1236034562372890624,2
1236041787749396491,2
1236068329049079808,2
1236153854959529984,2
1236240749982879744,2
1236299486927953927,2
1236343002525728769,2
1236423911333679104,2
1236425731242106890,2
1236463696500731904,2
1236495458178138113,2
1236504135517659136,2
1236518283337179139,2
1236638466542317568,2
1236678703968485376,2
1236682173350060034,2
1236682231185211393,2
1236682374794096644,2
1236683106180116481,2
1236691660907491329,2
1236704744489402368,2
1236733650093273089,2
1236738164942872578,2
1236756451135303680,2
1236756846746222593,2
1236758063945846785,2
1236792331350634496,2
1236795054275964928,2
1236899521025773568,2
1236904493897240579,2
1236908582991548418,2
1236909900061724672,2
1236911075137912834,2
1236959182181601282,2
1236960295467302912,2
1236961562436354048,2
1236966759414013952,2
1236968359335354372,2
1236978421722263552,2
1237065733768720385,2
1237071665210650624,2
1237080824098492416,2
1237083052951719937,2
1237086553534595073,2
1237092805790613512,2
1237108421494812673,2
1237112797365809156,2
1237119084623466497,2
1237169224973529088,2
1237215299188871168,2
1237259084874874881,2
1237273027383103490,2
1237273372247162880,2
1237323571262783489,2
1237324334164668418,2
1237350076479164417,2
1237353371956281345,2
1237392774342664195,2
1237404516254912513,2
1237493898831728640,2
1237495191696748549,2
1237502755498946560,2
1237510367468597248,2
1237643131954192385,2
1237816737862684679,2
1237906169177481217,2
1237950313505722369,2
1238112543341756416,2
1238112551130578949,2
1238232026215411713,2
1238279618160820225,2
1239393479756615680,2
1239583848943341569,2
1239912829291028480,2
1240293906861809665,2
1240352269050105857,2
1240592438366015488,2
1240688515735642113,2
1241475734625030144,2
1241689271213477888,2
1241777387261562883,2
1242206675328696325,2
1242802242404732933,2
1242803194167623681,2
1242803558291918848,2
1242806073834209281,2
1242825451912990726,2
1242851509538349056,2
1242866695242473478,2
1242876949170536448,2
1242886911808716800,2
1242898865034059777,2
1242901247994343425,2
1242909202621882368,2
1242911016410906624,2
1242928087517392896,2
1242955864220168194,2
1242964052218753025,2
1242971568990556160,2
1242976808770953221,2
1242977457994477570,2
1242978130647592961,2
1242978582420283392,2
1242989112174338048,2
1242992169998118912,2
1242998910488100864,2
1243005872348913664,2
1243009230715727872,2
1243019005297741824,2
1243041417976590337,2
1243054106630967297,2
1243056012841684993,2
1243073052193275904,2
1243073609347870721,2
1243084321835057152,2
1243085279872856064,2
1243086985771626496,2
1243103503515598850,2
1243110217572847618,2
1243139954684952577,2
1243151453386088448,2
1243153201584640001,2
1243166484513394688,2
1243227499217276929,2
1243248493495369729,2
1243265311840907267,2
1243266471351873536,2
1243270358540713984,2
1243278650314756099,2
1243282045104607232,2
1243330216207908866,2
1243352016094556162,2
1243591930224803842,2
1243831324944850944,2
1244166149329186817,2
1244190766966231041,2
1244577063031296001,2
1244651319241183232,2
1244669346728861699,2
1244705197068292098,2
1244911853958029313,2
1244970663024230401,2
1244973991963615232,2
1245011547090563072,2
1245019045805555712,2
1245058466542243840,2
1245195735617933312,2
1245265956378574848,2
1245343680271171584,2
1245344992320720898,2
1245367985616887808,2
1245370720932118528,2
1245372898870734850,2
1245506623210053632,2
1245531396250230787,2
1245628079189315584,2
1245674196878884866,2
1245677369060462593,2
1245704224509440001,2
1245712591051059203,2
1245745314713272320,2
1245752948115857410,2
1245796392972488704,2
1245813628428619776,2
1245901366180052993,2
1245974835353669633,2
1246039166481321989,2
1246214142803021825,2
1246215547274043393,2
1246514482148499461,2
1246517455817768960,2
1246736858362654720,2
1248116520640806917,2
1248683933337780228,2
1248900352134569984,2
1249134212675964928,2
1249192165302992896,2
1249264996728688640,2
1249420354306691072,2
1249743884357230593,2
1249838155794010112,2
1249873841733742605,2
1250049460207521795,2
1250059984970420225,2
1250311414914285569,2
1250339227935444994,2
1250410299435421700,2
1250457215250632705,2
1250548801707945984,2
1250599459622436864,2
1250743969157349377,2
1250821850604732417,2
1250897149635764234,2
1250905330084483072,2
1251002726646976512,2
1251074935679848448,2
1251130873136766977,2
1251171104254595072,2
1251193540698406912,2
1251334951133483009,2
1251342825813348353,2
1251371460293267459,2
1251424997781966848,2
1251701297826283526,2
1251894503222456325,2
1251901278998986753,2
1252132913967255558,2
1252454769609912320,2
1252481052318273536,2
1252482312631091200,2
1252482714126692353,2
1252488903669538817,2
1252509955485302784,2
1252510287573499905,2
1252511309020577793,2
1252511801444651008,2
1252515668760473600,2
1252519013499973632,2
1252519177010778112,2
1252540570230284288,2
1252545943423115264,2
1252671411136667649,2
1252729483465023490,2
1252846830846500866,2
1252896793488220160,2
1252930444330512384,2
1252989420262715392,2
1252994231133704193,2
1253076163779592194,2
1253078641157824515,2
1253094810598211584,2
1253309816153477122,2
1253567654322987008,2
1253573594896048130,2
1253729174256259073,2
1253734507271815168,2
1253749295544664067,2
1253866348423282690,2
1254272630959398912,2
1254511826655682562,2
1254779899757248513,2
1255097984938913792,2
1255144969024581635,2
1255170614366740481,2
1255293946353377280,2
1255813124621586432,2
1255814447282688003,2
1255846394780241920,2
1255877275876237312,2
1255908178048491521,2
1255908715653476352,2
1255939369384452098,2
1255944774256701441,2
1256387563301908480,2
1256554242652999681,2
1256577130831310854,2
1256784889162203137,2
1257015990279442437,2
1257315795958259712,2
1257384500792885249,2
1257671339235856385,2
1257693355934314497,2
1257716977856131074,2
1257837497360551938,2
1257838260916645889,2
1257997150509768704,2
1258391880733253632,2
1258678431295901696,2
1258684334745190400,2
1258788008377167873,2
1258831384853901312,2
1258974116444540929,2
1259303039829045249,2
1259877204172910592,2
1259906467974598658,2
1259941783578050561,2
1259943109523386370,2
1259953274716917762,2
1260294465144664067,2
1260320679494397960,2
1260339190719381504,2
1260459193775071232,2
1261198772580675584,2
1261207773720784896,2
1261211725866516480,2
1261216858532909057,2
1261270891519934465,2
1261744502458499072,2
1262258329939783680,2
1262285840157376512,2
1262398702691459078,2
1262635440215134209,2
1262670394571579393,2
1262671850204811266,2
1262682032880201729,2
1262743164105838592,2
1262914011781304325,2
1263099266521694215,2
1263239095633031172,2
1263562021414539268,2
1222574665534791681,2
1224203060257480710,2
1225744680131780608,2
1227357151783346176,2
1229089351495290881,2
1229625173629779968,2
1230582909989511170,2
1230600882796060677,2
1230629915885699072,2
1232493698149019648,2
1236982836638429185,2
1241503398605750277,2
1242642488713719808,2
1242750201384894464,2
1245422575230111746,2
1245494346784350210,2
1246130940197421063,2
1246594396004417537,2
1250306919736078340,2
1252564500579880961,2
1256733535622193152,2
1219847522711220225,2
1221932050317561856,2
1222138743378862080,2
1222157461664227332,2
1222370923870687234,2
1223956751172734976,2
1223963392563728384,2
1224658369761251328,2
1224663459448659969,2
1224668295317610496,2
1224695626627076097,2
1224771150846353408,2
1224773840456253442,2
1225131069738872832,2
1225267953094078465,2
1227238593095229440,2
1227336186999562243,2
1227561250172932096,2
1227566657821794305,2
1227687340648300544,2
1227973140090777601,2
1228004441095331840,2
1228010600523014144,2
1228012552703090693,2
1228244373772521472,2
1228268925168824320,2
1228321795566166018,2
1228661718307364865,2
1228681342692577280,2
1229119170186555394,2
1230097073606840321,2
1230550554738335744,2
1230607953721462784,2
1230715367548276736,2
1230784307125420033,2
1230988839130255361,2
1231000558930030592,2
1231005786396073987,2
1232682365253832706,2
1232736055293435905,2
1232999136384995331,2
1233082250104856576,2
1233223673286471681,2
1233269474343751680,2
1233577957102256128,2
1234918801474539520,2
1234980277300031488,2
1235919501335683073,2
1235929263909376000,2
1235933086812078080,2
1235935539892805634,2
1235947341976387584,2
1235955060825182210,2
1235958596946575364,2
1235962648099000320,2
1235974705997217792,2
1235995446188875778,2
1236006632397684736,2
1236064889627648000,2
1236301218026315776,2
1236358985319624705,2
1236494958766354434,2
1236504937833492480,2
1236616220817985536,2
1236677630465732609,2
1236677897429176321,2
1236679332195491841,2
1236681518736723969,2
1236684882023272453,2
1236686900221685761,2
1236694939062411265,2
1236697826056212480,2
1236714131031568385,2
1236715807499005954,2
1236716397406937088,2
1236731264172003344,2
1236901677778612229,2
1236901776177143808,2
1236915687223955456,2
1236979152013553664,2
1237081997291356160,2
1237082297737699328,2
1237083860804030464,2
1237090048518094848,2
1237109459656364033,2
1237136077908889602,2
1237239965978890240,2
1237340352736083969,2
1237360912471818242,2
1237396461744250880,2
1237680840366108672,2
1238109053538074631,2
1239982478724599809,2
1239988904780017665,2
1240483936788262912,2
1242627849720344576,2
1242817950505209858,2
1242830203484807168,2
1242920244315852800,2
1243092884280225793,2
1243328816812036098,2
1244277889148653573,2
1244321913876426753,2
1244768026261520384,2
1244973915103023104,2
1245004275744464897,2
1245007004235694080,2
1245011606666227712,2
1245012241444786177,2
1245012530386423809,2
1245013026706685952,2
1245015002924363776,2
1245016266559062017,2
1245018784043327489,2
1245023254265368584,2
1245026599902351360,2
1245027171866902529,2
1245029864824070147,2
1245032597480144896,2
1245041518009704448,2
1245041743357231104,2
1245051866603552771,2
1245066621032562689,2
1245071002402463754,2
1245090420662718467,2
1245119984977805315,2
1245229568870449152,2
1245279587547955201,2
1245292463125860352,2
1245311246024531971,2
1245318446814048256,2
1245350788878094336,2
1245384894894575616,2
1245412093123231744,2
1245698366689943552,2
1245699151809167361,2
1245721502915481601,2
1245766330269261825,2
1245771402449387521,2
1245784813920858113,2
1245819363409776646,2
1246120856633446406,2
1246337607275032576,2
1246725395384274947,2
1248874857585987584,2
1248943900363870214,2
1249118290405994497,2
1249301704702640129,2
1249623005031956480,2
1249649941556809728,2
1250462389771829248,2
1250775166336077824,2
1251466284975509505,2
1251578146492743680,2
1251589495180460034,2
1251683806467235851,2
1251891580308520962,2
1251970910950572032,2
1252338951186071565,2
1252501114815229953,2
1252657329155137536,2
1252776949208023040,2
1253584432918822912,2
1253906433302761472,2
1254810292254584832,2
1254849475534872585,2
1255425377264119809,2
1256421856069816320,2
1257232911205466112,2
1258941549934792704,2
1261043719714766850,2
1261198453914337286,2
1261205695506067457,2
1261399986652057600,2
1262386914457522176,2
1262540773729460224,2
1262906774128136192,2
1222092287968260097,2
1222187776742957056,2
1222409291014893568,2
1224275070970888193,2
1225438242650165248,2
1225620329151815683,2
1225850842269601794,2
1226790749964034049,2
1228066721027809280,2
1232538440455073792,2
1233412294102732802,2
1233872295116124160,2
1237722435115507712,2
1238857628899475457,2
1239828423721320449,2
1243556197011161093,2
1244698632458080256,2
1246423738683457537,2
1254777482256846850,2
1257368952260431879,2
1258331926798176256,2
1259910415745781763,2
1263504579192332291,2
1263572389784403978,2
1222155847553441794,2
1222363777322094592,2
1224178724658122752,2
1230356492382953473,2
1230563118633218051,2
1231817810390724609,2
1233126162970423297,2
1233579982221344771,2
1233606234101764097,2
1235301207733919746,2
1237313884752457728,2
1237504239255126023,2
1237522040904732672,2
1237926487380103168,2
1238314329373581313,2
1239049031138988033,2
1239425236732235776,2
1241127439335636995,2
1243190395141586944,2
1243203216990449667,2
1243339832165875717,2
1244181407909515264,2
1244637860117921792,2
1245422631001550848,2
1245815089078382595,2
1250320244708503555,2
1250923301787983873,2
1254159981579890688,2
1254294650266873861,2
1256066362465751042,2
1260393435703304192,2
1262845003987992576,2
1262923248943214592,2
1225373897576480771,2
1226829257856315392,2
1229007089131040771,2
1232406616152190978,2
1232691584048812032,2
1239604658508832776,2
1242923829858631682,2
1248515997071540224,2
1222457379339558914,2
1222533828708794368,2
1230888874752258049,2
1231942146657280002,2
1237138152956952576,2
1238771852928942080,2
1239665774819672067,2
1239897131701481475,2
1243195514688098304,2
1246232137797337088,2
1248145710865768448,2
1248962290344484867,2
1249779708297916418,2
1250337817818886146,2
1254471665590861824,2
1257957612462751744,2
